"r_zero","incubation_time","infectious_time","hospital_time","critical_time","lock_1_restrict","lock_2_release","pEA","pIH","pIRprime","pHC","pHRprime","pCR","GP_A","GP_H","GP_C","output","repeats"
0.800549463211792,0.745991718402365,0.951719249028247,0.574185090349056,0.939866377058206,0.679853762261337,0.842805079254322,0.682291217602324,0.714532797731226,0.832000375440111,0.284772186429473,0.556483026727801,0.129363403026946,0.0268468980910256,0.687473493354628,0.568285994156031,"Ens0000",20
0.18115410032915,0.190889353206148,0.443268251197878,0.578337954799645,0.689367031108122,0.401758817309746,0.190441481093876,0.224843441060511,0.537274113984313,0.776776259829057,0.167551346035907,0.0619421265844721,0.757396662281826,0.766118420142448,0.968732404639013,0.985681500716601,"Ens0001",20
0.171115467447089,0.406265247554984,0.80505901578581,0.106723486696137,0.464245862589451,0.149338305660058,0.745021572476253,0.0991138359240722,0.694995159941027,0.563115263934014,0.437138163036434,0.0466541799076367,0.548863289883593,0.242423754790798,0.158233545580879,0.133018445642665,"Ens0002",20
0.0783346746698953,0.345528360095341,0.729402859316906,0.53223971928237,0.790873358753743,0.95271995163057,0.895775696681812,0.559649969422026,0.757818641874474,0.134560515562771,0.0651407835131977,0.84535430863034,0.670590787794208,0.641885603952687,0.3221796798578,0.401802495954325,"Ens0003",20
0.410092420555884,0.588184687757166,0.924625575047685,0.329605229583103,0.957892819051631,0.276410478010075,0.290725893958006,0.799153457814828,0.0390231696481351,0.375248168053804,0.0868463746504858,0.30222521876567,0.731238701299299,0.663526232953882,0.659853902331088,0.0954742609814275,"Ens0004",20
0.549286335328361,0.805952993378742,0.712001486524241,0.21918806330068,0.476799002825283,0.881707613560138,0.948480572848348,0.115035862260265,0.0966014062287286,0.336996961175464,0.625760374870151,0.434500125405611,0.978648929664632,0.949180501408409,0.499237998231547,0.506726436648751,"Ens0005",20
0.955927729135146,0.624029130680719,0.876982453750679,0.00887740046600811,0.162225986632984,0.432392292190343,0.149351558514172,0.306989866349613,0.52418284707237,0.163864407176152,0.45319783220184,0.240605188620975,0.800461714959238,0.611507060920121,0.331741876498563,0.916282795340521,"Ens0006",20
0.718205906037474,0.0786074651230592,0.641637775936397,0.954812551394571,0.58769802604802,0.216905132419197,0.628298792598071,0.277622639306355,0.798975439392962,0.593236553977476,0.239315360167529,0.739034810964949,0.962567501235753,0.0163944141298998,0.260458475328051,0.788343446922954,"Ens0007",20
0.831982988776872,0.37749598264927,0.0965473370568361,0.175319138763007,0.24252672669827,0.775996411091182,0.397172757744556,0.888783888355829,0.743284118239535,0.32035020129988,0.197868237091461,0.0843324360786937,0.182269261794863,0.456936097348807,0.632537267688895,0.0392103331454564,"Ens0008",20
0.430466152500594,0.165659858920844,0.751297918026103,0.486899870733032,0.369611284125131,0.858202423504554,0.00480903520365246,0.853994228527881,0.105377175030299,0.821043880074285,0.332310388289625,0.878544137265999,0.305233969865367,0.425472108949907,0.998871133552166,0.642682253965177,"Ens0009",20
0.0362761380209122,0.101973255147459,0.0685573117341846,0.0452002023055684,0.84386330654379,0.58080774951959,0.510813779721502,0.482303753466113,0.929839615611127,0.458174356637755,0.710253885324346,0.538292103382992,0.32929190529394,0.291753734240774,0.294183680135757,0.891082067828393,"Ens000a",20
0.982780984981218,0.324175233952701,0.693843670084607,0.78416121614282,0.405196822743164,0.539641968905926,0.660060276504373,0.0630063696240541,0.82014777760487,0.735433209175244,0.756051791494247,0.663116270874161,0.208394017146202,0.782755840325262,0.525986395275686,0.00328040712047368,"Ens000b",20
0.850010435271543,0.846702379098861,0.338605863088742,0.72191631392925,0.895459328696597,0.391222041973379,0.817973175673978,0.523777356871869,0.152581272128737,0.185192477965029,0.106047303264495,0.387798116914928,0.389018259540899,0.748722383152926,0.212720623728819,0.956203631288372,"Ens000c",20
0.688864665501751,0.226289390266174,0.297887560882373,0.392541279632132,0.533889688295312,0.615404671634315,0.162248535180697,0.150015128211817,0.245844833436422,0.0162855940056033,0.134603537269868,0.470625566528179,0.631994194193976,0.164353448280599,0.0211731424671598,0.215694930567406,"Ens000d",20
0.888122153026052,0.204853493120754,0.270598993584281,0.266044543334283,0.870263838249957,0.90745915696607,0.678294105094392,0.636008520814357,0.18314993478125,0.545209596562199,0.988921418343671,0.787706791528035,0.793410325725563,0.490770120831439,0.717508775944589,0.190758768294472,"Ens000e",20
0.225981088681146,0.775262481736718,0.485060087929014,0.861051013862016,0.381852875644108,0.946489756053779,0.101457568252226,0.041737852798542,0.654198881407501,0.216805527132237,0.212948444025824,0.583051581535255,0.123572258563945,0.312082454754272,0.42629366441397,0.760955312399892,"Ens000f",20
0.119251069892198,0.973153820814332,0.23040376372519,0.406406293209875,0.613698942575138,0.0462765640288126,0.0450039668648969,0.967410448199371,0.62860593496589,0.299628339929041,0.72951701724669,0.480921837023925,0.413892113871407,0.385745730414055,0.45620113639161,0.111733255971922,"Ens000g",20
0.39872042327188,0.456173483800376,0.533523703808896,0.848465809802292,0.0619394369365182,0.111193232535152,0.75095984081272,0.71247127354145,0.83532136027934,0.0959512175875716,0.424103929830017,0.21241670580348,0.172842993802624,0.712523903616238,0.8562861590588,0.847277115500765,"Ens000h",20
0.76061591663165,0.557734249450732,0.215666210011113,0.127438408171292,0.755124933138723,0.731836593215121,0.310156576143345,0.00917670823982917,0.347311038157204,0.983240251865936,0.550004743610043,0.420625675382325,0.0173735312127974,0.676357655914035,0.608529400517,0.814451486570761,"Ens000i",20
0.324071495758835,0.86702359651099,0.622806963900803,0.878010737895966,0.905486211646348,0.312364747968968,0.336209074279759,0.24103014615248,0.125100772123551,0.861235736071831,0.57872988031595,0.85396743461024,0.373131276725326,0.116719491791446,0.373593136208365,0.172177504125284,"Ens000j",20
0.0582048504962586,0.67587154568173,0.103214147908147,0.51663595912396,0.253155200910987,0.62905057418393,0.241287117556203,0.129788680624915,0.495202594756847,0.710821227054112,0.835519133281196,0.914391474006698,0.596418189734686,0.80164460435044,0.0353520431788638,0.464924625854474,"Ens000k",20
0.903057581809117,0.919606302096508,0.306092288868967,0.936733769881539,0.279554220137652,0.556735623569693,0.218617895169882,0.421976600011112,0.303916908614337,0.609070356236771,0.784076798829483,0.146678346337285,0.556029776029754,0.130744175193831,0.879443720559357,0.708106309711002,"Ens000l",20
0.570207004441181,0.254945541609777,0.982915154396323,0.696288377378369,0.117548581783194,0.263190334325191,0.437469837535173,0.448271889862372,0.21926107807667,0.242790511978092,0.692230614449363,0.976427466864698,0.0815944850968663,0.569237914803671,0.0801825104863383,0.596143914147979,"Ens000m",20
0.130381461617071,0.289231665362604,0.471460866410052,0.649220163020072,0.338560442754533,0.0592993391677737,0.85328070417163,0.815376545354957,0.267842365527758,0.925879929563962,0.803133984253509,0.604062816884834,0.926275199145312,0.525958584668115,0.563642824202543,0.739107815583702,"Ens000n",20
0.588236648176098,0.0463816709816456,0.148368499521166,0.802655549126212,0.448787991626887,0.980308366497047,0.978821333154338,0.995878353348235,0.438732890435494,0.50693707583705,0.497726092964876,0.371640378131997,0.444501201366074,0.373680902842898,0.141750490758568,0.525851478066761,"Ens000o",20
0.205789498810191,0.527406494499883,0.584499925951241,0.29923389821779,0.00533157075988129,0.669889774941839,0.561156277050031,0.579973190760938,0.0708846809982788,0.122696699399967,0.964193493669154,0.286178069573361,0.293069856479997,0.0545507663686294,0.51795436006505,0.316488783655222,"Ens000p",20
0.937601737963269,0.0500802716007456,0.505519906891277,0.357164265139727,0.627734813647112,0.0157495191320777,0.250254872068763,0.616438973980257,0.586184611421777,0.642324191646185,0.947368666547118,0.334765369398519,0.483192993712146,0.903321456781123,0.114378837001277,0.659045094676549,"Ens000q",20
0.28701204325771,0.930863317591138,0.869558366382262,0.313089683855651,0.512965090776561,0.506570425780956,0.603853452973999,0.930436075909529,0.291315752989613,0.919091842701891,0.51155801427085,0.174096545990324,0.227031482750317,0.844962867914001,0.0601995397126302,0.698120186047163,"Ens000r",20
0.6739892849233,0.427413879934466,0.83714020770858,0.460976945556467,0.816185053711524,0.189304072153755,0.350349769572495,0.354758713382762,0.988780070334906,0.0389917041815352,0.89874989161035,0.63860494887922,0.508346768497722,0.267306345666293,0.939687932131346,0.387453153677052,"Ens000s",20
0.0126862258242909,0.143295058142394,0.94903406354133,0.977118353173137,0.320417739701225,0.814463545521721,0.481973993021529,0.467088320013136,0.41466149945627,0.433911900070962,0.53369046287844,0.192928386817221,0.474907211324899,0.875715497898636,0.792648422945058,0.243259749549907,"Ens000t",20
0.637829197902465,0.978613733925158,0.65126560718636,0.43022860835772,0.140937867102912,0.83450004242477,0.713743496872485,0.829182700789534,0.862162618467119,0.480732358875684,0.851258732244605,0.766193216398824,0.620639031182509,0.341751141945133,0.399980255338596,0.945736103638774,"Ens000u",20
0.731942520436132,0.51694852343644,0.79007969959639,0.747436421801103,0.706780783447903,0.711603307258338,0.0564930761349387,0.907750272500562,0.901017501193564,0.756976845202735,0.670790191739798,0.108349962183274,0.897007502912311,0.419258902536239,0.193090251192916,0.263592368626269,"Ens000v",20
0.777413942752173,0.889963199727936,0.1542200998927,0.618474924436305,0.198196722386638,0.161419875122374,0.901065414526965,0.33731766884448,0.553658836008981,0.353224225109443,0.30051966321771,0.814321810094407,0.711889852734748,0.861120357230538,0.845944771106588,0.052533488557674,"Ens000w",20
0.339596572105074,0.771106169995619,0.409234617726179,0.0723818937258329,0.671259344898863,0.366445373778697,0.591814910498215,0.673125046491623,0.390140182641335,0.267592448781943,0.376827214699006,0.943072013842175,0.838739147310844,0.076625020155916,0.905762015894288,0.852496358612552,"Ens000x",20
0.620097042841371,0.00129792625666596,0.374562910880195,0.174289807007881,0.214115935564041,0.0857162778207567,0.784324932907475,0.377583722874988,0.0166001174889971,0.664951433747774,0.256674840726191,0.515062786237104,0.0636452018457931,0.188900750793982,0.765906106622424,0.481747445929796,"Ens000y",20
0.488992101000622,0.361499581427779,0.0279425914399326,0.91462130114669,0.747318130650092,0.458856049639871,0.0754080065176822,0.76120754222502,0.365673253720161,0.0614282286609523,0.624849142099265,0.723746671807021,0.688292520452524,0.953457899932982,0.578644386882661,0.603372224356281,"Ens000z",20
0.256863148492994,0.649851679214044,0.197047872800613,0.6746701111726,0.988017954537645,0.480285958194872,0.953614367544651,0.190889989369316,0.613341935741482,0.41148666596273,0.919346267147921,0.000306859449483454,0.266019870596938,0.505215284065343,0.745313261914998,0.433131080970634,"Ens0010",20
0.521378282696242,0.668977481918409,0.384613711794373,0.24329101065523,0.560706173803192,0.233691571262898,0.463166693993844,0.746187772945268,0.878318085777573,0.68836431853706,0.0342091509490274,0.962822441052413,0.0477736655448098,0.98223039705772,0.41495517436997,0.3593404748186,"Ens0011",20
0.363125111424597,0.492100699298317,0.571317726117559,0.0869526529102586,0.0370746995264199,0.75839882735163,0.412866330880206,0.253903802519199,0.970661803381518,0.896741530421423,0.374371958553093,0.682557970233029,0.907782156497706,0.575804845930543,0.821987755922601,0.289475943957223,"Ens0012",20
0.451113034266746,0.716747023694916,0.0015894943557214,0.759926939761499,0.0913266123097856,0.345048983942252,0.527852302067913,0.547358438570518,0.463634421682218,0.966342163551599,0.0152037637657486,0.257390212384053,0.871554547775304,0.21559969605878,0.23392839745502,0.342416418943321,"Ens0013",20
0.590197592235636,0.382991610398749,0.829338960784953,0.293106569980737,0.808981381620979,0.0977357666578609,0.178500756041612,0.0730394521332346,0.156257948180428,0.733254385018954,0.26331898131175,0.798746375351911,0.563445015735924,0.560768607557984,0.245649747696007,0.885220842353301,"Ens0014",20
0.041977238082327,0.183806944952812,0.603741320131812,0.690911656131502,0.912935512280092,0.124167084021028,0.0398603383742739,0.491212368013803,0.623578053097008,0.287108140988275,0.12112555057276,0.249602806462208,0.580474620156456,0.970638062783983,0.0505674888601061,0.179044024044415,"Ens0015",20
0.27983463368495,0.857363354150439,0.289929225791711,0.385890397768235,0.290409706578357,0.479640333330026,0.425570902454201,0.100652476514224,0.142458644123981,0.441927563078934,0.020713811207097,0.336646403954364,0.196760139799444,0.761925940483343,0.901670059167082,0.510017265521456,"Ens0016",20
0.420498668818036,0.068597088692477,0.988700535339303,0.493966221783776,0.663554586564424,0.661967861138983,0.798456918601878,0.345836499282159,0.335847345482325,0.248054660391062,0.753013432010775,0.0712762129295152,0.62737629761803,0.488563179132761,0.489581410811516,0.944011794371763,"Ens0017",20
0.907595018390566,0.635884420920629,0.188218709713547,0.889601970516378,0.928240929505555,0.031400850166101,0.606673769517802,0.0140952427743468,0.221671722860774,0.172631279831985,0.559458213625476,0.593643200335791,0.703438479425386,0.221507888265187,0.739691895690048,0.499937369126128,"Ens0018",20
0.332133361900924,0.580744010738563,0.0514898311498109,0.994395657426212,0.473559673957061,0.748192092108075,0.682586853532121,0.300199519416783,0.0835794425022323,0.311930200527422,0.399317503926577,0.892019228126155,0.862972186458064,0.432186216486152,0.186102717983304,0.686043567932211,"Ens0019",20
0.72902264576056,0.504096593037248,0.940919598637847,0.828704327539308,0.257397720179288,0.912667309646495,0.916367360433796,0.0763072911370546,0.448581471047364,0.763838191732066,0.191745776087046,0.134531254102476,0.67996832046425,0.654444477722282,0.224306083790725,0.672865935410373,"Ens001a",20
0.438266622711671,0.810137982671149,0.968688084807945,0.806976176880999,0.222086594221182,0.517300301493378,0.530396620007232,0.705340875018155,0.681108600805746,0.454664122452959,0.981833670710912,0.0070705442817416,0.333289330877597,0.467695754620945,0.279145122880582,0.0199411311466247,"Ens001b",20
0.625885030466597,0.693888801264111,0.536674502165988,0.27330118335085,0.416282960075187,0.023145686784992,0.168517448552884,0.896606113713933,0.733001556115923,0.534270572576206,0.148741333739599,0.179327331630047,0.821171804609476,0.0682433159358334,0.500204860626254,0.63837580331834,"Ens001c",20
0.663808805623557,0.499590734952362,0.350088934259256,0.662177267574007,0.107053066563094,0.938763422728516,0.0902394824742805,0.642846597332973,0.516145016085356,0.845253216325073,0.174054486871464,0.70157087375992,0.390014610257931,0.787096467386,0.257293748254888,0.0720607827045023,"Ens001d",20
0.0943815600429661,0.830293065507431,0.220790867066244,0.714057633297052,0.623435441193869,0.784887017545989,0.762538517609937,0.541726772194961,0.889522214377066,0.791235737780808,0.44284874850302,0.2603935826628,0.0128247954230756,0.1679923038173,0.0499764576298185,0.73071442385437,"Ens001e",20
0.0663024941179901,0.566703943730099,0.859958392543485,0.307589246061398,0.0801050179079175,0.247270141590852,0.231625426758546,0.392012532867957,0.663874149485491,0.674840000246186,0.858654698174214,0.567025202368386,0.211802664073184,0.511817900751485,0.712081792561803,0.966221326977247,"Ens001f",20
0.302633500727825,0.46427999659325,0.460503652887419,0.965750452625798,0.364867316565942,0.464477782915346,0.725442804212216,0.954550883707125,0.64700031163753,0.724947521234863,0.0795299770217389,0.995209150243318,0.661492021671729,0.38176989618456,0.893791765004862,0.347232582415454,"Ens001g",20
0.927556838456076,0.309359455623198,0.884805143390549,0.928312045708299,0.0211343974259216,0.357270529366797,0.804119254893158,0.87260792016983,0.241835889043286,0.623761959009571,0.458206835609162,0.459097933726152,0.357830431159819,0.146564234804828,0.462401889747707,0.841023640721105,"Ens001h",20
0.221646379551385,0.13096153866034,0.0302482797740959,0.468589327612426,0.431036140597425,0.377117742237169,0.333260269282619,0.65661807387718,0.253734776617493,0.55173557485221,0.887875572568737,0.821295462989947,0.106658461710904,0.0833417670452036,0.169857952122111,0.0401551491813734,"Ens001i",20
0.822878164979629,0.0153379506606143,0.433110730337212,0.438147736614337,0.632469734686892,0.959566464871168,0.12695862847846,0.212323687856551,0.873326113402145,0.681621619579382,0.719177366511431,0.613698706214782,0.23213874269044,0.10195312284166,0.813938903665403,0.720017155245878,"Ens001j",20
0.105036538398126,0.264440371930832,0.481263666457962,0.352980332516599,0.699490265117493,0.57508504099329,0.701637899618363,0.976509728922974,0.048418563939631,0.255593897283543,0.677653268981958,0.544921718422556,0.486349249334307,0.850354240572779,0.982240212713368,0.429150444525294,"Ens001k",20
0.766170853036456,0.372981889443472,0.112829866869142,0.063618589786347,0.397804122392554,0.551647578916745,0.66852581904619,0.904601161682513,0.1005588497594,0.806510961839231,0.202662732931785,0.31256990476395,0.783132508114213,0.61717710713041,0.357415353868855,0.866353789151181,"Ens001l",20
0.135194030870916,0.0827837973088026,0.166935080774128,0.634591771218693,0.0541608033597004,0.448319328865036,0.404688054120634,0.178237861355301,0.950601765026804,0.057467165326234,0.043982830720488,0.42582946442184,0.279250374806579,0.0017844803922344,0.671856861388078,0.78346141705988,"Ens001m",20
0.366761341451202,0.882163234370528,0.585116611582925,0.0327697441261262,0.125805845491122,0.630742985784309,0.969037883476121,0.229380474648206,0.801829869977664,0.0866872174607124,0.359955281174043,0.921507863441948,0.153091356680961,0.805730865964433,0.385069388138363,0.620173143257853,"Ens001n",20
0.988465307366569,0.214607406439027,0.722156428847229,0.0987885909643956,0.584732149892952,0.608047064979328,0.387859248446766,0.927322567478986,0.559037198321894,0.179853875956032,0.604108346633147,0.867109893714078,0.319373614329379,0.22827043156838,0.447361734992592,0.534818627031054,"Ens001o",20
0.480833286099369,0.11346151189995,0.772994550761068,0.743236590399174,0.876714373494033,0.0690792573499493,0.999211655796971,0.613298496608622,0.456900028634118,0.522081005916698,0.525038958720397,0.650206625147257,0.0891671148291789,0.89411218984169,0.604346751114354,0.450260312278988,"Ens001p",20
0.393289012185996,0.952974556494737,0.662812675473979,0.543392114143353,0.165395917677088,0.320088679641485,0.120971280542435,0.0289321031991858,0.361102302089566,0.202548264816869,0.909982800954022,0.746388110991102,0.916794864246622,0.332828769548796,0.628186078653671,0.299905841860455,"Ens001q",20
0.67506580421119,0.982525765367318,0.635007697120309,0.768955886277836,0.516185005865991,0.193386227220763,0.308243322515627,0.77686980041326,0.00449818172492087,0.101478535330389,0.487793732093414,0.367553477279143,0.0706110936880577,0.296352894731099,0.589380367377307,0.581230545107974,"Ens001r",20
0.965882734630722,0.650381296304986,0.262673546660226,0.552488448227523,0.558740483795991,0.723683477343293,0.553116988528054,0.586031740606995,0.932200722368434,0.0344946842326317,0.315317120449618,0.405063515745569,0.951187512448523,0.541290543692885,0.556784192669438,0.55023154738592,"Ens001s",20
0.506817706543952,0.233578646950191,0.30094772246317,0.852507370816311,0.483615194429876,0.294831509091891,0.478744054165436,0.270291677572532,0.982508806417463,0.355561578109628,0.815248086459469,0.0799715416703839,0.848975690766238,0.909035730754258,0.34417919434607,0.351900516480673,"Ens001t",20
0.232021624884801,0.906930868688505,0.685860115677351,0.167898165368242,0.703958237344632,0.159872558270581,0.891761745803524,0.427811657683924,0.772606088124448,0.989941120357253,0.240678341636667,0.491985893460223,0.409511991739273,0.688490257716039,0.944568725208519,0.424301422913559,"Ens001u",20
0.271565622874768,0.437397832450224,0.517810576539487,0.584636179176159,0.542942909128033,0.887648510837462,0.643685008297907,0.372894529716577,0.0564792111667339,0.909682909140829,0.638981098044897,0.0323027579707559,0.7634127121442,0.253414614418289,0.831820407910272,0.0765252583019901,"Ens001v",20
0.0168346188648138,0.28004214854911,0.910415944743436,0.344983094503405,0.234892770366278,0.405757460310124,0.202378555524629,0.847847236650996,0.383886983161792,0.493275489972439,0.288987736471463,0.699928440366639,0.992099859208101,0.302742323862622,0.103157691115048,0.378303477939917,"Ens001w",20
0.838395991523284,0.795502346468857,0.777839441570686,0.922421288487967,0.739592768345028,0.771850698378403,0.372364761036588,0.820601494133007,0.845125310571166,0.332234438614687,0.414841829059878,0.952826257235138,0.467794817227405,0.849216403351165,0.778054020294221,0.145800923368661,"Ens001x",20
0.5523049677175,0.535265510169556,0.344738140335539,0.208349605040858,0.184926627459936,0.689816249213182,0.272643243347993,0.727796062949346,0.707333093013149,0.381632663818309,0.927597901242552,0.281439913845388,0.939076752366964,0.944517287663184,0.960200452298159,0.823967507147463,"Ens001y",20
0.474540600728942,0.600282108753454,0.559109389940277,0.417612085128203,0.991777826161124,0.864764785134466,0.466341654736316,0.56636756235268,0.534909188682213,0.140308984104777,0.846468062198255,0.523827130241552,0.143348868447356,0.634048754075775,0.00701544820447452,0.771115842820145,"Ens001z",20
0.159526369002415,0.711608423488215,0.424165418494958,0.778744386150502,0.829286829108605,0.996335885726148,0.0121403290191665,0.473033395443344,0.286028706085635,0.884709430194926,0.777968447096646,0.760151431947015,0.525693684669677,0.598855157784419,0.770535292939749,0.924461573505541,"Ens0020",20
0.873049199888483,0.153993467274122,0.0112693694722839,0.612414715634659,0.325129816171248,0.127897448630538,0.288170040899422,0.408899095846573,0.577197135551833,0.856500583712477,0.596935912047047,0.114950449183816,0.0303230191732291,0.722972375988029,0.865656799380668,0.301263733484084,"Ens0021",20
0.784666832768125,0.0262759378890041,0.378609404115705,0.193764592594234,0.0302944919886068,0.543679225650849,0.599244676770177,0.14730832828558,0.199092901819386,0.400047638099641,0.522812590275425,0.844210423523327,0.447941247301642,0.979648619872751,0.311244025327032,0.251491028177552,"Ens0022",20
0.7057813011494,0.935673388892319,0.139300406972179,0.147679622365395,0.306607213523239,0.2575353905675,0.865918366193073,0.514487810492283,0.320244413713226,0.587586198728532,0.972573339774972,0.382809911702061,0.524512940166751,0.401330593464663,0.0855676399578806,0.246312699560076,"Ens0023",20
0.612453396716155,0.742709905342199,0.0944787285034545,0.512778373238398,0.799853161247447,0.20835417258204,0.518642135177506,0.758547204480274,0.781412493588869,0.951142548711505,0.662758999146754,0.648547566968482,0.74295836201054,0.727372231659247,0.13489361578133,0.99368886049604,"Ens0024",20
0.882338311298517,0.768755842039827,0.811091972544091,0.120449090565089,0.860131425779546,0.846125640200917,0.0504082742996979,0.283654172708048,0.402172144587385,0.636052913529566,0.0532469750405289,0.205500836347928,0.25633459167555,0.368173412776086,0.40924742213916,0.152240374074318,"Ens0025",20
0.178231668751687,0.417689035615185,0.244006753305439,0.0172211857617367,0.970348629296059,0.819543672953732,0.831785332649015,0.676499053315492,0.491576648512855,0.0246213345299475,0.349038603981026,0.156849608124467,0.618760721009457,0.182999209623085,0.675919766854495,0.207009057153482,"Ens0026",20
0.542954441914335,0.329630471245619,0.749803279998014,0.226776093478547,0.75066188196186,0.32844503980712,0.936926869442686,0.163863288837019,0.919878554660827,0.945220184151549,0.735023674909025,0.936727613786934,0.88208810163429,0.0481412214820739,0.533650516193593,0.103520391290076,"Ens0027",20
0.845093485858524,0.703327164553339,0.46538611932192,0.213976327984128,0.356201993088471,0.96233101478545,0.0802354689524509,0.538289835700998,0.169647330126027,0.596138174753869,0.586393697520252,0.982201800273033,0.690721418057801,0.142455669628689,0.145223430382321,0.520375204702141,"Ens0028",20
0.247373585352907,0.0607075234327931,0.927491159321507,0.36839098295779,0.137077307158615,0.769876834976021,0.297825309230248,0.202263320136117,0.317831803162117,0.961385907127988,0.466487358914455,0.220643692797748,0.132957092094002,0.20644266967196,0.303907105880789,0.535091676700395,"Ens0029",20
0.80898622997338,0.422496920871781,0.834125296239508,0.25681372099556,0.319680234338157,0.867494846688351,0.86427723472123,0.651055767727085,0.0269954128249083,0.159442631267011,0.327481553191319,0.73029036168009,0.114551079885568,0.680189098143019,0.573507947142935,0.972303103280719,"Ens002a",20
0.655412137057865,0.0875780235091224,0.60781305710203,0.11576950912131,0.784404308076482,0.934319338786881,0.5803348997992,0.571304508121684,0.489184661527397,0.471863478402374,0.0114333094842732,0.34004567497992,0.503109274482122,0.871318593436154,0.741572595268954,0.790988287851214,"Ens002b",20
0.0076541037124116,0.673072260232875,0.190760277751833,0.078606246674899,0.850534717488335,0.165777978032129,0.809485760420794,0.788672937820666,0.274125846393872,0.615198861723766,0.645926507920958,0.781829556149896,0.0367210972541943,0.361938796723261,0.82982777608675,0.232208789073629,"Ens002c",20
0.753465572032146,0.299815584132448,0.565339297852479,0.644987328846473,0.721014248307329,0.136635927637108,0.249180241733557,0.986641028744634,0.909364327264484,0.00536469038808718,0.161795498452848,0.881017874535173,0.451470009071054,0.771633543315111,0.183641770966351,0.903461887919111,"Ens002d",20
0.504963130770484,0.578197962252889,0.780554335264023,0.505439393669367,0.188070784783922,0.560435428692726,0.963598212267971,0.495321906661848,0.884493222107412,0.372789703087183,0.0638057798810769,0.0931668463570531,0.586897330638021,0.174661948434077,0.796165747949854,0.362725390339037,"Ens002e",20
0.305363779496402,0.820932419607416,0.0491855703410692,0.447660170427989,0.444859424204333,0.735429823120357,0.655399887947133,0.717298807104817,0.342938611470163,0.108085064013721,0.369635872095823,0.509856113777496,0.30475070078508,0.988560805285815,0.336118335470092,0.0245810685039032,"Ens002f",20
0.720857623731717,0.188221679652343,0.510544747252716,0.907209442161256,0.638808098125737,0.30160316026886,0.882347680372186,0.808519054899225,0.352970527788857,0.253285090586869,0.434479711699532,0.195725511463825,0.988748748468934,0.288924235323211,0.696830083484529,0.0812343567213975,"Ens002g",20
0.996917426252039,0.726272192277247,0.630255076164613,0.1957753369899,0.454566265890608,0.352496800911613,0.536245598440291,0.880621837587096,0.567544053478632,0.931383453685558,0.861916359872557,0.291398141806712,0.875124359540641,0.744730019301642,0.616251533237519,0.109588386982214,"Ens002h",20
0.204413261268055,0.614788061997388,0.236881995078875,0.420278233956778,0.733865322403144,0.547483172260691,0.922444168551592,0.00413058645674028,0.511022892994806,0.707076006679563,0.114006249423837,0.605062630516477,0.724547957041068,0.0742353601369541,0.415791211901233,0.619349386581453,"Ens002i",20
0.123616180669051,0.354070470649749,0.890579137555324,0.153098729008343,0.903712132661603,0.79126996076433,0.301993121781852,0.410849585634423,0.600034706135048,0.867961393807782,0.733862212458625,0.357387324566953,0.911678742737277,0.836929876510985,0.274258164656349,0.632386299420614,"Ens002j",20
0.597438667359529,0.343410083395429,0.542365814080695,0.623912460787687,0.659835761454888,0.46542898433283,0.503509510816075,0.29078094113851,0.0235690228827298,0.627999694294995,0.277876201480394,0.101979735584464,0.0567533909948543,0.820463334984379,0.115215642486,0.195292756389827,"Ens002k",20
0.0464405383751728,0.837411796096712,0.740329516701167,0.569117930051871,0.505277097313665,0.295373500213027,0.623821717490209,0.132322123990161,0.665660523585975,0.078713577191811,0.772914386302,0.2254637911194,0.640615913229994,0.921947676724521,0.975845914151287,0.692225133078173,"Ens002l",20
0.617002722794423,0.781616063519614,0.276057381400606,0.791651475138497,0.00252751951571554,0.176776935114758,0.152448316378286,0.696844798214734,0.228666111947969,0.572348974832567,0.312011319212615,0.907555678072385,0.970340852991212,0.658724684199551,0.472775907849427,0.828789025987498,"Ens002m",20
0.348357708242256,0.626979214739986,0.416639292351902,0.983521760834847,0.487197909408715,0.0129885442054365,0.639321563367266,0.456495800378034,0.631222105757333,0.891375485936878,0.920381045294926,0.528588858301518,0.0019673252874054,0.621535712800687,0.200136575704673,0.32553640183527,"Ens002n",20
0.96106232154998,0.548103397131199,0.143228954760125,0.957586294780485,0.887812823127024,0.707752796625718,0.724839838569751,0.315850118207745,0.678876612451859,0.787549887944479,0.4903340367903,0.412568079625489,0.568989384117303,0.958965220215032,0.0309411793400068,0.415298434761353,"Ens002o",20
0.855810841794591,0.205066957540112,0.252174487360753,0.0394117011805065,0.846867587401066,0.0421513122133911,0.785103100823471,0.23644798003952,0.830940766540589,0.277094441088848,0.206824236741522,0.627897267579101,0.610901518047322,0.556723990180763,0.35201319143991,0.314285233762348,"Ens002p",20
0.296319176071556,0.524861876046052,0.958384053828195,0.0563158339133952,0.529015741613694,0.380686452543596,0.940831412980333,0.634339409121312,0.788005014116643,0.398536819027504,0.934930770493811,0.872661744471407,0.738527784651378,0.413142178065609,0.0152432831283659,0.660108535389882,"Ens002q",20
0.263932174965739,0.044248802124057,0.666283373404294,0.024320997572504,0.386064712669468,0.090570110011613,0.361090891262284,0.506954640519107,0.296475230929209,0.224520369474776,0.704426459397655,0.488089808496879,0.797265391162364,0.715709534656489,0.433864581387024,0.158731584582711,"Ens002r",20
0.353598388439277,0.317787284671795,0.90042090944713,0.707675183227984,0.984859862810699,0.648880456474144,0.212749509547139,0.0891787433100399,0.810200231696945,0.543085424097953,0.0995188643457368,0.926771893996047,0.239972777381772,0.255346928599756,0.800787326768041,0.257136470420519,"Ens002s",20
0.082895414349623,0.563528774383012,0.676663651264971,0.726198019773001,0.215690598636866,0.072521493267268,0.571766196056269,0.948704261851963,0.0886106958484743,0.429658285573823,0.125824177805334,0.0518297222466208,0.491758810796309,0.449578250889899,0.23912707022042,0.876086803798098,"Ens002t",20
0.465158281963086,0.395768965599127,0.119970501535572,0.592797474761028,0.812877900829772,0.512082728269743,0.0226653023832478,0.767921092872275,0.543021337568061,0.424154778156662,0.178271972227376,0.0214966276485939,0.274377723626094,0.239515158754075,0.0984405400871765,0.744556901332689,"Ens002u",20
0.527028716430068,0.249474487432744,0.0711492361349519,0.398957534659421,0.0993607413268182,0.441691064365441,0.765963985060807,0.385692537793657,0.703707440136932,0.910537202086998,0.418350551129552,0.968608497420791,0.42107757015503,0.478463354365667,0.512543699902017,0.750430585499853,"Ens002v",20
0.147444890122861,0.961648115522694,0.818431455873652,0.895410786916036,0.608622946201358,0.699766090990743,0.730811798397917,0.598277203309117,0.194706127498066,0.800263750338927,0.0254953271511477,0.655725228936644,0.857838318765862,0.899239506026497,0.594999560555443,0.591989069667179,"Ens002w",20
0.405194914813619,0.945131158464355,0.49439200615976,0.275425802359823,0.568393873181194,0.611792768382002,0.187332614402985,0.60528568358277,0.977990712787723,0.183088276414201,0.611225744055118,0.0276460301782936,0.289462855249876,0.34589242624701,0.754161461684853,0.983484888536623,"Ens002x",20
0.555246001471533,0.267753847024869,0.428620064903516,0.538160287222126,0.963634205455892,0.26738832632429,0.267784509065095,0.972328189129475,0.207681737141684,0.770139667661861,0.883059315418359,0.250734243267216,0.399456282334868,0.0221086558559909,0.646703907380579,0.486465907798847,"Ens002y",20
0.152441548425704,0.471960686697857,0.598791642484721,0.830099396618316,0.344750052016461,0.599372100163018,0.133221187163144,0.735790991607355,0.945786234318512,0.0252796763984952,0.569828980854945,0.837726006172597,0.537898204480298,0.0999571232183371,0.295832993589574,0.12712935006246,"Ens002z",20
0.640410033726366,0.485339100984856,0.326669560840819,0.871440069125965,0.690940193196293,0.924515772571322,0.848132402525516,0.913638624184532,0.753222072659992,0.995578932251083,0.791817026013741,0.445278290021233,0.813798596485285,0.122249656945933,0.885614810026018,0.818417173919734,"Ens0030",20
0.736245550353778,0.683632571930066,0.761734618025366,0.816280592583353,0.576490468842676,0.673866150815738,0.987940165471518,0.155692993915873,0.146411489887396,0.147491564233787,0.822491998561891,0.678042912876699,0.189057561903028,0.0415950756310485,0.17152403583168,0.440656757194083,"Ens0031",20
0.194348873890704,0.764567760546925,0.314068502301816,0.496681742428336,0.0428246791125275,0.990274329677923,0.443239590127487,0.365125978286378,0.747952523768181,0.315178911529947,0.509817120097578,0.31501794843236,0.769422527101124,0.399864750641864,0.0680632563633844,0.0640925273345783,"Ens0032",20
0.794452818764839,0.862172578889877,0.975597295904299,0.652737513731699,0.760326908573043,0.489674936692463,0.114834274827736,0.255130966252182,0.467232652010862,0.479869867506204,0.979843725344399,0.595869422034593,0.367967016771436,0.791159168630838,0.491984478842933,0.714548965890426,"Ens0033",20
0.380910141908098,0.173149203665089,0.21448315343936,0.941600164258853,0.404647000025725,0.338923358322354,0.491852020426886,0.0326979876065161,0.415993312227074,0.343569869203493,0.829941162846517,0.806887850464555,0.336208092164015,0.581592923653079,0.946986533495365,0.862791485954076,"Ens0034",20
0.49025089118164,0.892936541504459,0.00950899259070866,0.333282309869537,0.931597334980033,0.824444010136649,0.0716539046587423,0.327744232016848,0.114006324706133,0.227172013579402,0.545188729608199,0.463772860601312,0.666526035027346,0.452524777909275,0.922566508405143,0.278523570990656,"Ens0035",20
0.0646325258328579,0.105182106812717,0.15964742710581,0.45748673335067,0.151722577501787,0.836115861750441,0.379440026358934,0.868789653066779,0.867726746349363,0.835950271843467,0.669410298338626,0.705951542791445,0.162027886684518,0.932604832359357,0.700171254430897,0.396457674298435,"Ens0036",20
0.875107156054582,0.0203595418692566,0.361636245716363,0.686790866125375,0.0742846489767544,0.894129380105296,0.698533410324017,0.431135709043592,0.583532482351875,0.0658548462355975,0.957342571575427,0.129448432922363,0.438894648012938,0.645076750728767,0.669711495373631,0.458636122081662,"Ens0037",20
0.441636829663767,0.431734899074072,0.0756815851316787,0.249032628367422,0.260215664790012,0.221716206558049,0.348837570336182,0.0673472571827006,0.0692635476787109,0.512718226377619,0.6813408961799,0.37879674040596,0.947276294354815,0.191451497641392,0.548970558412839,0.929300020675873,"Ens0038",20
0.91402846095385,0.924983914376935,0.709602900926257,0.315923674262594,0.10000400148565,0.413892583745765,0.47123553091893,0.841345350584015,0.379555676298914,0.695661407003645,0.226801520544104,0.772701364692766,0.0931643379910383,0.319521501531126,0.955946834047791,0.201801700709621,"Ens0039",20
0.948898945988622,0.999492202682886,0.388342878782423,0.130303277707426,0.226892551851925,0.105278448576573,0.423415629854426,0.111921633497113,0.967781473926734,0.749490454975748,0.381546339212218,0.152164474773454,0.224813895488624,0.522588501689024,0.394585155854002,0.562822913412238,"Ens003a",20
0.683582746314351,0.137413595251273,0.874116324059432,0.77131382254418,0.286334161540726,0.24429964170442,0.0315753541339654,0.189545077540679,0.442334646411473,0.667866047463613,0.254038277721265,0.573711768741487,0.828032225264469,0.535969416252337,0.873338571318891,0.0280096183123533,"Ens003b",20
0.244999535117531,0.216237158835866,0.739521262121852,0.904320768694161,0.551329306820408,0.69077331070439,0.585411991196452,0.620234301885357,0.959180776033318,0.781404902604409,0.940850998383248,0.826613205921603,0.477537481258623,0.938062565963483,0.421687404444674,0.899769697411684,"Ens003c",20
0.797778556253761,0.302397182343993,0.4016337813274,0.824466036050581,0.457343309558928,0.309180770802777,0.369258204653161,0.0849767498741858,0.545090043108212,0.90294109471608,0.572561185865197,0.27139647785225,0.354016634286381,0.262324134958908,0.0124910505395383,0.910244647038635,"Ens003d",20
0.569634666041238,0.335524606216932,0.293607229570625,0.285154778716387,0.524892606078647,0.0516905468539335,0.980324947085464,0.784555036099628,0.179161370870424,0.112628649977269,0.78560298431199,0.0882557947572786,0.249528674512403,0.732840955546126,0.195168049206259,0.518634835676057,"Ens003e",20
0.976537114834646,0.476285259024007,0.592672202186659,0.503708266225876,0.598671701051062,0.341652535421308,0.485519552140031,0.382427269926993,0.121027655337239,0.566536573225167,0.536543140939903,0.690638985843398,0.830614032996818,0.915248246599222,0.836783800142584,0.777987455388065,"Ens003f",20
0.517876523017185,0.256522794197081,0.804367630350171,0.989020999323111,0.820006628324045,0.90179606593214,0.613949072037358,0.232975602605147,0.134456432793522,0.38920813074219,0.449102042738814,0.454116084486013,0.0293000379740261,0.277640826577554,0.757655000955565,0.715378630344057,"Ens003g",20
0.198181937811896,0.0321816731337458,0.0211557223263662,0.96434498585877,0.536530733783729,0.593781256815419,0.888099651943194,0.107070276124869,0.893912889264757,0.214974248025101,0.354030544731067,0.588955206790706,0.461127064698376,0.698594317998504,0.543557947450317,0.227083491220837,"Ens003h",20
0.94271966684144,0.509505281541497,0.500004974874901,0.161232778934063,0.921855826297542,0.503006944616791,0.0433826589712407,0.594494295557961,0.658711232858477,0.000823367749108002,0.741207559818868,0.667089090272784,0.75237215722329,0.799239779657219,0.242176901395433,0.0559241849381942,"Ens003i",20
0.129698844623053,0.619907709154068,0.917153174956329,0.601445479381364,0.495053930690046,0.361671050394652,0.430858903188491,0.964016439868137,0.992849238085328,0.612676918858197,0.471630110278493,0.362864131706301,0.0689886560186278,0.62899146025884,0.862965378824156,0.189482098739827,"Ens003j",20
0.0852677881997079,0.819942434541881,0.560137960037682,0.144318889027927,0.299521186819766,0.25003620300442,0.718360338907223,0.310107440571301,0.238705541559029,0.994214832902653,0.156577355916379,0.897218305827118,0.573246623482555,0.309751025572186,0.0437458413804416,0.74518090779311,"Ens003k",20
0.917078717638506,0.451036097372416,0.703415459955577,0.403924949149368,0.954445815018844,0.396666069540661,0.328459380334243,0.838567905193195,0.829281603121199,0.744638184624491,0.344103102382505,0.0406833230273332,0.261515731930267,0.865080929260002,0.584342327013146,0.858360279478366,"Ens003l",20
0.216539109779987,0.757061963079032,0.62750703485799,0.379841382199666,0.769632596893935,0.474584989548894,0.827534305399749,0.340974330683239,0.850163495058659,0.136569839149015,0.617807387885405,0.495809038262814,0.00984276087256148,0.178562534714583,0.450604027321097,0.0109176476742141,"Ens003m",20
0.449267394753406,0.737850854186108,0.246578251747414,0.0120396413700655,0.146541947233491,0.753181359991431,0.0690625987807289,0.516551480725175,0.720214553510305,0.750393804288469,0.582821037507383,0.182163781219861,0.0789853465289343,0.965720849394565,0.107363820525352,0.542325785631547,"Ens003n",20
0.41759280767641,0.985563199459575,0.459375265967101,0.66745985310874,0.867465166299371,0.787873502656585,0.521843754644506,0.0160586027416866,0.482254972509108,0.274003207411151,0.223876794078387,0.0195742597407661,0.747464426736115,0.75832593759289,0.360333578871796,0.391876536416821,"Ens003o",20
0.582880216252524,0.967791554429568,0.367709977732738,0.236193609767361,0.0122646979871206,0.977307230236474,0.909187875037314,0.415064919112483,0.282157103598584,0.415687931766734,0.273787225352135,0.115445261819987,0.314401076514041,0.424170052625705,0.524788476624526,0.757558469428914,"Ens003p",20
0.713958516780985,0.0908590234385338,0.670358824495925,0.760878003893886,0.836311536328867,0.651657834020443,0.451276745302603,0.938972288614605,0.171824533751933,0.575184744765283,0.232765858559869,0.932461648590397,0.63964789218735,0.353798715152079,0.0738253650465049,0.0883023411489557,"Ens003q",20
0.388111577500822,0.124380676040892,0.160942751537077,0.252882748068077,0.391621398840798,0.566264552020002,0.22277074218262,0.285424054332543,0.639987690183334,0.349280603823718,0.0062035529257264,0.72893041805597,0.969702936860267,0.815699453359703,0.436167984294007,0.627829639071133,"Ens003r",20
0.758695069639944,0.723018147969851,0.964190078957472,0.739523579446832,0.348823671930004,0.101398108332651,0.773346463417402,0.454416574412026,0.570391729128314,0.304650141395396,0.914422214399092,0.395292353499681,0.931045963601209,0.032586241211975,0.680248435873073,0.652397773276316,"Ens003s",20
0.869048163583502,0.631703019341221,0.129796909753932,0.795448746234179,0.354027751934482,0.496810721488437,0.199521664608037,0.857113284389488,0.617899629113963,0.0737466142093763,0.878926980393007,0.641671806458617,0.137840812768554,0.150854003342101,0.309210925122024,0.953229344474385,"Ens003t",20
0.744584987666458,0.38642289373558,0.610666044411482,0.428835077706026,0.123754723924212,0.150275267455727,0.633845506573562,0.0377712510630954,0.420436978329672,0.0817977799114306,0.0485460845753551,0.239068663932849,0.377777997875819,0.604625455788337,0.550162076015258,0.12076393463416,"Ens003u",20
0.690046426579356,0.551001792459283,0.0629880382644478,0.842156787138665,0.0697215948335361,0.64097105412744,0.565562615379458,0.801041681822389,0.00747365973773412,0.676988398501417,0.654501080769114,0.55308313512709,0.519076405807864,0.549530191925587,0.730227026493521,0.283771281942027,"Ens003v",20
0.358043165135896,0.895247257841984,0.123118684591027,0.718545748335309,0.604302655481733,0.140154222478159,0.651595837977948,0.916012217394309,0.306535808527842,0.538003149178112,0.517204859362682,0.0556560736906249,0.779904402809916,0.707548988070339,0.899685886556981,0.573757592838956,"Ens003w",20
0.667524634336587,0.0706838873494417,0.43613992467639,0.0254858180589508,0.177187515338883,0.70151518210303,0.927156873946078,0.646483781011775,0.793003560487414,0.878779443887761,0.76103123314213,0.167921583589632,0.717822602977976,0.328118725435343,0.381314607614186,0.324364622957073,"Ens003x",20
0.844852512889774,0.276436569207581,0.497913361904211,0.0820754527079407,0.653098541408544,0.226338606952922,0.541765518360771,0.198101431579562,0.59434887159965,0.818876555331517,0.0579309079586528,0.901678076284006,0.117725365221268,0.390242322301492,0.950518843450118,0.938681950732134,"Ens003y",20
0.28413216636749,0.914551658222918,0.528219745397801,0.564008895205334,0.717136959932977,0.843816769684199,0.157426146863727,0.983739214894595,0.0544716691120993,0.365297295234632,0.0832457197282929,0.714610469054896,0.284596853988478,0.585309262900846,0.152963838163996,0.477532071128953,"Ens003z",20
0.89885682981927,0.925248710034648,0.319298113813857,0.54917272847495,0.684316514015664,0.851018263214501,0.793227310855873,0.364091756652342,0.508154467877466,0.293889093158068,0.689978345222771,0.9732211269869,0.176507737089414,0.439484360947972,0.929658576273359,0.606684686084045,"Ens0040",20
0.265222235088004,0.699314553091535,0.933576791996602,0.481269151237793,0.203950008699903,0.0358569383854047,0.405388155666878,0.773932145938743,0.725838200651342,0.165210300909821,0.182911143398378,0.861559447419131,0.869989293743856,0.88229610217968,0.787503395926906,0.589276120662689,"Ens0041",20
0.0735913538048044,0.355357521120459,0.398840291161323,0.882461573978653,0.23947891124757,0.180735275353072,0.115721029629931,0.689560393943684,0.334875394585542,0.936008364913287,0.297232413783204,0.441146619409556,0.159789481803309,0.247982743153116,0.663831680009607,0.214087358153192,"Ens0042",20
0.030956687607104,0.179854188192403,0.265311972737545,0.221269949970301,0.265950836244738,0.526496562202228,0.813916660266696,0.550299520798726,0.213064944223734,0.0472563024749979,0.953974979961058,0.990526994522661,0.593561032341095,0.665040966018569,0.329080651906552,0.837274974999018,"Ens0043",20
0.161894332724623,0.657200129027478,0.997045736453729,0.0505748969537672,0.649750223578885,0.740516414410668,0.275558877740987,0.217346125753829,0.25973702378571,0.46671115320758,0.706970727033913,0.618200875307666,0.608141712334473,0.0114024783798959,0.723452120894799,0.267688425126253,"Ens0044",20
0.100368228820153,0.127750982251018,0.346432149201864,0.322735036647646,0.940066852823366,0.0095602061948739,0.321699327671668,0.260447986419313,0.357835286848713,0.238375606893096,0.38875019722851,0.305397378451889,0.202468567304313,0.471566112828441,0.639420452415943,0.681188157130964,"Ens0045",20
0.000441248881397769,0.530444896051194,0.684063424166525,0.336625202990836,0.789809573042439,0.604904501528945,0.689153076914372,0.878093241780298,0.452699444339378,0.718813033276237,0.478896439279197,0.137482350217178,0.984550100337947,0.201027977128979,0.611952402463648,0.979278503047535,"Ens0046",20
0.534789982858347,0.160501818382181,0.850349820685806,0.472606738674222,0.413068748004735,0.929721960120369,0.391760507009458,0.72224765009596,0.924272123393603,0.19662119469489,0.308682588218944,0.329331982961157,0.698413609291893,0.0553302986128256,0.0942548396659549,0.809018077375367,"Ens0047",20
0.460910017195856,0.786150674734963,0.0421379629918374,0.629503196403384,0.995448387128999,0.0808397236245219,0.0887051128142048,0.173348161554895,0.686880401552189,0.652153607154032,0.843268516967073,0.403949891488301,0.806370484443614,0.0904167537693866,0.267652846805286,0.465265697422437,"Ens0048",20
0.647785860375734,0.00620030515012331,0.204647522191517,0.597406854649307,0.300470634194789,0.877027108410839,0.235458563154098,0.660650891800178,0.429718569393735,0.449105027156184,0.117604432813823,0.200758531314787,0.889951042870525,0.113705803269986,0.987980107072508,0.371069708724972,"Ens0049",20
0.814702545414912,0.243785205452004,0.840313923546346,0.187727360678837,0.72670857641031,0.202219396678265,0.87399867465836,0.741128644651035,0.0439138314116281,0.842160269079031,0.643924191407859,0.547883178023622,0.340767930904403,0.499447932374896,0.285786454058252,0.0471858375670854,"Ens004a",20
0.475052444014,0.411129073762568,0.758404015720589,0.36007986141718,0.435229465829907,0.971696051534964,0.26296907120035,0.142255545560038,0.398986336104572,0.853338611024665,0.993774503053864,0.514568419675343,0.418860167053063,0.99767423096695,0.91037315241294,0.337145290002227,"Ens004b",20
0.607505211991956,0.599778478239896,0.176929908712627,0.101741058715852,0.155476966431597,0.424870241007302,0.0188660393794999,0.525635278589325,0.805518751541386,0.502786676071119,0.809238812574186,0.753989412660012,0.430523974776734,0.135033543427708,0.818021494745044,0.167028693512548,"Ens004c",20
0.972518281197408,0.87376651169383,0.799975448941113,0.866788458852097,0.0895844430942088,0.285822498017224,0.739426826246781,0.435407555592246,0.941038799762027,0.633415262188064,0.136963018841343,0.81867253362434,0.533444164372049,0.501645556337899,0.128748570794705,0.409044246092672,"Ens004d",20
0.312935870493529,0.44968836511136,0.885783277415903,0.932232722764602,0.049011234191712,0.428506444944069,0.139667634452926,0.0562003201211337,0.0940240383741911,0.489940373824211,0.865010459877085,0.298200254259864,0.651602782852715,0.831501291563036,0.207062466931529,0.43590433115256,"Ens004e",20
0.3290836137929,0.844993659004103,0.0864529544778634,0.676317744170083,0.88091785939876,0.805466080936603,0.971455492095556,0.486135886842385,0.768945725444937,0.972331250068964,0.40642759178183,0.794098534544464,0.902700238785474,0.553344812898431,0.478890883214772,0.141940522027435,"Ens004f",20
0.786138811956625,0.466905455786036,0.895347375792917,0.529516563847428,0.194721506076166,0.119982615836198,0.226833017828176,0.400378924770048,0.856770127901109,0.827742867216002,0.890486428287113,0.855074523444055,0.92104616592289,0.826028436763445,0.315534876838792,0.235911988838343,"Ens004g",20
0.292483730756212,0.514382365341298,0.0186962259653956,0.70481203627889,0.466714222882874,0.2146410123643,0.459544948074035,0.397374435660895,0.609495110581629,0.127188566990662,0.427409292130033,0.321168940258212,0.57833103734185,0.0885789502540138,0.993968641468091,0.0670647610130254,"Ens004h",20
0.991189282622654,0.829838011462707,0.616642175640445,0.657460104664788,0.370462273269659,0.491854413767578,0.498243940968532,0.957292249535676,0.476626224570209,0.117431772655109,0.248357766616391,0.123019371028058,0.544171914763283,0.107676086261636,0.0563053966546431,0.183648473044159,"Ens004i",20
0.69676127570332,0.195294829956256,0.936157755618915,0.454727999633178,0.114849511564244,0.944542022532551,0.357422792214202,0.0906356350169517,0.0316116301820148,0.0435793098318391,0.60709614250809,0.345082563314354,0.706558082062984,0.378208634246839,0.841462044982472,0.366482507311739,"Ens004j",20
0.374323047167854,0.732254830986494,0.548133441017708,0.858443095338298,0.310368836685084,0.918172833544668,0.820408670342295,0.864660240809899,0.261239614796359,0.51909720527241,0.99834756742348,0.392517126286402,0.298708273286466,0.927861847507302,0.654903662956785,0.726350252736593,"Ens004k",20
0.0252802850399166,0.607709783510072,0.5217765480245,0.348989578114124,0.0288827829773072,0.332048501948593,0.859905919139274,0.734616053458303,0.961254170768661,0.49775679127546,0.659958388310624,0.479020117891487,0.495532338182675,0.859063278057147,0.162915964645799,0.307828238286311,"Ens004l",20
0.140292325988412,0.903974908107193,0.411071089751786,0.441765724516008,0.0184109698305838,0.520125748402206,0.0277171006286517,0.601183484034846,0.896217573875329,0.692403300433653,0.000206854161806405,0.670029628647026,0.552188189126318,0.407212752561318,0.537572819851339,0.559572897324106,"Ens004m",20
0.317785481502069,0.851074752354762,0.970798475100892,0.478001689038938,0.332230713753961,0.872033243678743,0.416066896851407,0.356373655217467,0.504344481785083,0.943928651568713,0.101750662433915,0.465309645995731,0.683073497063015,0.27155356018804,0.780711083972128,0.931717566658044,"Ens004n",20
0.510694708407391,0.33150978701422,0.769147965981392,0.231449312684126,0.618072648859816,0.388871242420282,0.062768780287588,0.0507966642198153,0.77706292581046,0.260392583010253,0.748614169782959,0.215884469192242,0.0407446272857487,0.53454134493717,0.280441659917124,0.501175043449039,"Ens004o",20
0.537278009239817,0.392103426280664,0.0832148057245649,0.787059643439716,0.669256876920117,0.284522511200048,0.283690943092806,0.476450043107616,0.38892181394971,0.920321128054056,0.874196053949418,0.945785302347504,0.998761206230847,0.284753932387102,0.882338011176325,0.294994661587989,"Ens004p",20
0.378689368529012,0.116616115383804,0.17291416404536,0.114072516892338,0.744341328480514,0.450342835636111,0.0969928248680662,0.504329744224669,0.2317750052677,0.97779179523699,0.400633609066717,0.0395599434769247,0.602510160107631,0.482303062817082,0.48348126819008,0.270622301549884,"Ens004q",20
0.600150681551313,0.688118676278973,0.227603385825641,0.835345172466477,0.591178181202849,0.967626434091944,0.694090988378739,0.334977516910294,0.816501417703694,0.582413192609092,0.140093292460078,0.189658410861157,0.362616225901293,0.67130817164667,0.933302414654754,0.115625457919668,"Ens004r",20
0.457137634127867,0.0145449794828892,0.717408457768615,0.946898379345657,0.170998271040153,0.317940006896388,0.205332771744579,0.811094602630474,0.763102730744285,0.871863296184456,0.591273730723187,0.234731856152648,0.649650062918663,0.635523777699564,0.565713593678083,0.57864005244337,"Ens004s",20
0.0982910618872847,0.593527712546056,0.849769936947851,0.732600845656125,0.856465603825636,0.639138917761156,0.140522073919419,0.627691758570727,0.473385579015594,0.0132044931943528,0.153336340632522,0.435563039199915,0.348172215908999,0.739181895916117,0.919542819597991,0.6659027825878,"Ens004t",20
0.239396891421638,0.0392246747994795,0.575268778598402,0.639507326894673,0.979682369366055,0.530220743983518,0.994257437716005,0.94429885032936,0.71529740319238,0.325975731781218,0.76827860089601,0.579718580828048,0.788104884647764,0.125443288584938,0.440557511450024,0.493507426349679,"Ens004u",20
0.496453075248282,0.70632481309236,0.18022616425762,0.753917045081034,0.643835112266243,0.715390769268852,0.34473828347167,0.246257920511998,0.075277903462993,0.408540539719397,0.901365749082761,0.889986671383958,0.0528876534779556,0.885406695113052,0.709049077579984,0.0937192838522606,"Ens004v",20
0.577617239437532,0.274993666863302,0.648949174369918,0.157994449399412,0.420522069623694,0.374056392255006,0.743007780854823,0.444486185105052,0.840476503538666,0.797684522164054,0.937359160627238,0.0117150418180972,0.194458505960647,0.0630931317002978,0.853911462422693,0.834466927550966,"Ens004w",20
0.250364659599727,0.570194996692007,0.0393162916076835,0.0429806007351726,0.133500801144401,0.271956147314049,0.957091806624085,0.702563529461622,0.0627358753071167,0.439204928972758,0.482387215929339,0.740675657596439,0.659379412184935,0.961824020798085,0.690976208301727,0.678847233579727,"Ens004x",20
0.774843402710976,0.313498155267444,0.475894775701454,0.383476837143535,0.834894076266792,0.574970718092518,0.932415925733512,0.120035913371248,0.738153106376994,0.813779368830146,0.0738572391890921,0.162942863245262,0.957838851737324,0.913680604745168,0.642958187434124,0.222810288426699,"Ens004y",20
0.633740819809027,0.791336082414491,0.990858750984771,0.972592936003348,0.429981349350419,0.0794336114963517,0.878675467768917,0.692893471962307,0.275014272131957,0.659688658551313,0.0937131625739858,0.278999585354468,0.240981023076456,0.751470439671539,0.402648211034248,0.160196113293059,"Ens004z",20
0.924761305705179,0.542801866702503,0.206122889303369,0.557912840537028,0.274376439283369,0.0632605096441694,0.00666083908174187,0.296442698450992,0.408422196593601,0.393400524440221,0.337890219719848,0.834835463220952,0.0223556568217464,0.355407125487691,0.250228579780087,0.470914496256737,"Ens0050",20
0.934826346011832,0.482725474499166,0.257909205610631,0.371871622231556,0.502661073636264,0.587861856350209,0.778188682597829,0.665354310986586,0.200766637857305,0.956642896218691,0.0397328463522717,0.716529101894703,0.147617963097291,0.2323905821878,0.0797066480095964,0.383875358819496,"Ens0051",20
0.400072264801711,0.444757691483246,0.331186501777265,0.609341474416433,0.246914471976925,0.989502775811125,0.911858956638025,0.26632241299958,0.997873596452409,0.603486111740349,0.966870682061417,0.776369120704476,0.217332204898121,0.443036844648886,0.175980729707517,0.447258234064793,"Ens0052",20
0.0500079354643822,0.876314646645915,0.450614065948175,0.20464050033479,0.775029825870879,0.655573136807652,0.256172643562313,0.561359187478665,0.189540310724406,0.769533716512378,0.833250208160607,0.266222908925265,0.097757043245947,0.592723744075047,0.345393536413321,0.0337457237252966,"Ens0053",20
0.425230900805909,0.292349802394165,0.394672559781466,0.814393979593879,0.0558003160951193,0.801626133514801,0.181397446870105,0.891165147706633,0.136716855925042,0.150086852476234,0.69908521481324,0.0655196570011321,0.818074789054226,0.211401888364926,0.218579027430387,0.611919875345193,"Ens0054",20
0.189273698834004,0.753181601831457,0.554027846490499,0.915939689171501,0.675464480264345,0.0271762312727515,0.315035226738546,0.137450363462558,0.525039730082499,0.363852196747903,0.464128588566091,0.560994070511079,0.89383569285972,0.81215640753042,0.124532805558993,0.873069844121346,"Ens0055",20
0.893325825068168,0.221954513128148,0.106410754538374,0.282344289283501,0.377968741845107,0.196431316848611,0.508844531245995,0.794899951855186,0.561584365968593,0.0942620515252929,0.269575730131473,0.504334336343454,0.403309111298295,0.992256762194447,0.972132613030262,0.703896011196775,"Ens0056",20
0.563971153340535,0.991515857893974,0.357882277242606,0.999948965209769,0.804084463474574,0.439571379483677,0.556045547886752,0.184937397286994,0.912106067603454,0.30882881280384,0.720291401910363,0.533271276497981,0.459600585036678,0.0393328315042891,0.508953706085449,0.884989548356971,"Ens0057",20
0.34157515648054,0.0552935136680026,0.65620303038857,0.181213673927123,0.915874398181913,0.763600322412094,0.174830262218602,0.833274534579832,0.939110273562837,0.462846199434716,0.361427733250894,0.624828301889356,0.167173115035985,0.693435054724105,0.36542750585475,0.136493515397888,"Ens0058",20
0.827843721108511,0.66095864834846,0.787663782577729,0.414571694688639,0.545124967815354,4.27861697971821e-05,0.673822009020951,0.048950046536047,0.164677763282089,0.889303223817842,0.811176098550204,0.095029807833489,0.384343237784924,0.517622748137219,0.728098802039167,0.646660496476106,"Ens0059",20
0.16752752146218,0.146569691119948,0.695058202117216,0.588197803827934,0.713453938355669,0.419968965933658,0.755094182847533,0.530579929006053,0.117933334922418,0.727180053112097,0.2930398416752,0.959842097291257,0.100506499762414,0.158719523394248,0.377652712451527,0.964843796601053,"Ens005a",20
0.213239273556974,0.235848236436723,0.131613259793958,0.301402350864373,0.20596197771607,0.684492963727098,0.646883885505376,0.0219342506979592,0.433583403775701,0.281329332775204,0.324166825504508,0.144260009507416,0.425168586774962,0.704867825383553,0.0255073497409467,0.905648170951754,"Ens005b",20
0.111030258176615,0.401216798966052,0.281795081533492,0.682615013108589,0.891487238294212,0.238641407556133,0.577723719109781,0.583661449097563,0.0107114956621081,0.557268817452714,0.542522602734389,0.416154228618834,0.728952494540717,0.324593391821254,0.00460307144443505,0.413875586419599,"Ens005c",20
0.0244292962772306,0.366637402994093,0.732688081737142,0.261672373132315,0.283148602101719,0.173297935856972,0.616620704676025,0.324635800331598,0.599564115722896,0.233003269631881,0.185394824643154,0.98790428389213,0.323885573338484,0.00556380841881037,0.805895588045241,0.331642909173388,"Ens005d",20
0.652826358909952,0.957694606259465,0.82341912288568,0.000778979426249862,0.572094454948092,0.7282646944921,0.109601811704924,0.993795285117812,0.373324014300015,0.700572243285133,0.630760925957002,0.685550792813301,0.77481752951513,0.609909904015949,0.760297469743528,0.768466571799945,"Ens005e",20
0.749134903636295,0.943650333534461,0.0596118800214026,0.0696265175996814,0.770789434626931,0.89616859304253,0.383359076684574,0.206063177273609,0.673520573639544,0.525317190394271,0.391399133583764,0.633210939579876,0.940717139469925,0.337039873073809,0.229740852818359,0.798496855398407,"Ens005f",20
0.86011954944348,0.157940806857077,0.907122151193907,0.522232225765474,0.96599467175547,0.829783627057914,0.548484950229758,0.166735135063063,0.32566861785599,0.192160338350805,0.563718022624962,0.915590140987188,0.842752477315953,0.777167981861858,0.137758070131531,0.547921898772474,"Ens005g",20
0.819202136624372,0.800656851278618,0.448591210253071,0.0903287704964168,0.946764401528053,0.130895271485206,0.707790192879038,0.923340222950792,0.698155457013054,0.0525193326466251,0.798316545459675,0.35308959701797,0.511382647367427,0.462458241001004,0.598895807359368,0.803641229143832,"Ens005h",20
0.953389100095956,0.0962637244816869,0.324968950827606,0.890521585611859,0.492017991495086,0.796799593607429,0.445474062401336,0.751383085121633,0.643777806684375,0.649585272396216,0.217282917223638,0.759904509945773,0.251010168254143,0.572415619617095,0.624287971846061,0.995789680309827,"Ens005i",20
0.703143561445177,0.644638002063148,0.862661512922496,0.136297195425723,0.0770722732890863,0.622679512635805,0.839156806904357,0.461339932443807,0.310552606194979,0.208213542820886,0.502553971310845,0.804107927249279,0.852575179296546,0.197602039716439,0.46990953037166,0.0062195051764138,"Ens005j",20
